Tweet Text,Campaign name,Ad name,Cost Per Result,Spend,Cost Per Result Type,Cost per 1k impressions,Cost per engagement,Tweet publish date,Placement,Campaign ID,Ad Group ID,Tweet status,Tweet ID,Campaign ID.1
"Come celebrate outstanding leaders in philanthropy, business and civic life at the 2022 SMU Distinguished Alumni Awards. Get your tickets now.",Distinguished Alumni Awards,Ticket Sales,0.04,155.48,Cost per link click,6.07,0.04,02-Sep-2022 10:30,All,i30957243,i39034241,Running,1565723813865615365,30957243
"Whether you‚Äôre celebrating your first Family Weekend or taking in the Celebration of Lights at Dallas Hall, you will find no joy quite like the one that comes from being a Mustang.","Editorial - Welcome Back, Mustangs!(Copy)",Pony Up!,2.73,391.0,Cost per 1k impressions,2.73,1.25,29-Aug-2022 14:57,All,i30945732,i39019473,Expired,1564341418885124096,30945732
Want to build a community and make friends? Or discover new interests and skills? Explore more than 200 student organizations that SMU has to offer.,"Editorial - Welcome Back, Mustangs!(Copy)",Hit the (Student) Clubs!,2.74,390.82,Cost per 1k impressions,2.74,0.37,29-Aug-2022 14:57,All,i30945732,i39019472,Expired,1564341419723988993,30945732
Explore what SMU has to offer for a successful school year.,"Editorial - Welcome Back, Mustangs!(Copy)","Welcome Back, Mustangs!",2.85,985.86,Cost per 1k impressions,2.85,1.14,29-Aug-2022 14:57,All,i30945732,i39019471,Expired,1564341418780286976,30945732
"As SMU‚Äôs powerful new supercomputer research system launched on campus, students assembled their own ‚Äúbaby supercomputer.‚Äù",Supercomputer Editorial Campaign,Ad 1,3.46,199.96,Cost per 1k impressions,3.46,1.92,08-Aug-2022 09:25,All,i30718708,i38736199,Expired,1556647909231169537,30718708
"SMU‚Äôs newest ‚Äúbaby supercomputer‚Äù will help students discover ways to make machines, apps, and more even smarter and more accurate.",Supercomputer Editorial Campaign,Baby Supercomputer,3.13,199.64,Cost per 1k impressions,3.13,2.22,08-Aug-2022 09:25,All,i30718708,i38736198,Expired,1556647909231251456,30718708
"‚ÄúMake no mistake: SMU has the academic chops and high standards that would make any conference proud.‚Äù

Dallas Mayor Eric Johnson shares reasons why SMU is primed to ascend to a major athletics conference.",SMU Athletics Conference,HE Athletic Ad,2.97,350.0,Cost per link click,6.23,0.66,15-Jul-2022 17:00,All,i30529762,i38497802,Expired,1548064869697703936,30529762
"‚ÄúA message for any major conference looking for a world-class institution and a major media market: It‚Äôs time to Pony Up.‚Äù

Dallas Mayor Eric Johnson shares reasons why SMU and Dallas are the place to be.",SMU Athletics Conference,AC Athletic Ad,0.0,1.1,Cost per link click,6.53,1.1,15-Jul-2022 17:00,All,i30529762,i38497803,Halted,1548064867189370886,30529762
"Tapping business plan tips, a network of mentors, and serious seed funding are just some of the resources SMU students have at their fingertips.",Innovation Editorial | June 2022,Innovation General Ad,0.06,4.96,Cost per link click,0.49,0.04,16-Jun-2022 11:42,All,i30229839,i38108792,Expired,1537475699145166849,30229839
"ShearShare is a million-dollar app matching independent beauty industry professionals with empty chairs in existing salons.

Learn more how SMU alum Courtney Caldwell ‚Äô00 created this ground-breaking idea with the help of her husband and her education from SMU.",Innovation Editorial | June 2022,Courtney Ad,0.01,313.36,Cost per link click,4.12,0.01,16-Jun-2022 11:44,All,i30229839,i38108792,Expired,1537476303653326849,30229839
"Raleigh Dewan ‚Äô23 took two things he was passionate about and put them together: Fighting human trafficking and brewing tea.

Read his story and others like his to learn more about how resources at SMU help propel businesses forward.",Innovation Editorial | June 2022,Raleigh Ad,0.01,181.67,Cost per link click,3.18,0.01,16-Jun-2022 11:51,All,i30229839,i38108792,Expired,1537478004544241664,30229839
"SMU researchers were awarded nearly
$1 million over the past four years to study landslides on the West Coast using satellite radar imagery.",SoCal Awareness Campaign 1,SoCal - Detecting the Unseen,6.18,547.59,Cost per 1k impressions,6.18,2.36,01-Jun-2022 11:50,All,i29856000,i37904137,Expired,1532041824352620545,29856000
"Military alumni scholarships through SMU support students like Connor Simpson '18, '23, who can pursue his MBA online while also on active duty.

Learn more about how SMU can help you reach your educational goals.",SoCal Awareness Campaign 1,New Military Ad Tweet,3.09,500.0,Cost per 1k impressions,3.09,1.57,20-May-2022 16:00,All,i29856000,i37738171,Expired,1527756112841166848,29856000
"‚ÄúThe research funding and mentorship at SMU are incredible.

Opportunities like these are common across campus, but they aren't something I hear my peers at other schools experiencing.‚Äù - Nia Kamau '22","Here We Go, Mustangs! Editorial - 2022",Ad 7,5.21,20.85,Cost per link click,12.29,1.1,19-May-2022 07:48,All,i29925496,i37737600,Expired,1527269873683943426,29925496
"""The mentorship and support I‚Äôve received from SMU are unparalleled."" - Isabelle Galko '22

Find out how SMU can help you achieve your scholastic goals like Isabelle.","Here We Go, Mustangs! Editorial - 2022",Ad 6,10.52,63.12,Cost per link click,9.02,2.18,19-May-2022 07:43,All,i29925496,i37737600,Expired,1527268750021562368,29925496
"‚ÄúMy advice for any high school students considering SMU is to not count yourself out before you even apply. 

There is a strong community here waiting to shower you with support, care and love."" 

- Abena Marfo '22","Here We Go, Mustangs! Editorial - 2022",Ad 5,6.87,34.36,Cost per link click,22.0,1.91,19-May-2022 07:40,All,i29925496,i37737600,Expired,1527268050973630467,29925496
"‚ÄúCreating positive, lasting change that actually impacts the lives of people who have been adversely affected by inequality and injustice is my passion.‚Äù - Austin Hickle '22

Find out how SMU helped Austin get to where he is today.","Here We Go, Mustangs! Editorial - 2022",Ad 4,0.78,0.78,Cost per link click,0.28,0.11,19-May-2022 07:39,All,i29925496,i37737600,Expired,1527267609896439809,29925496
"At age 85, Marillyn Seeberger '22 has graduated from SMU and is ready start her new career as a screenwriter. 

‚ÄúI always wanted to write,"" she said. ""I knew I had stories to tell with a little bit of fact and a little bit of fiction.‚Äù","Here We Go, Mustangs! Editorial - 2022",Ad 3,12.15,97.2,Cost per link click,50.76,5.4,19-May-2022 07:06,All,i29925496,i37737600,Expired,1527259498557087754,29925496
"As a fifth-grader, Haley Taylor Schlitz '22 struggled to be acknowledged by her public school's gifted and talented program. 

Now, at the age of 19, she just became SMU‚Äôs youngest law school graduate ever.","Here We Go, Mustangs! Editorial - 2022",Ad 2,2.77,274.06,Cost per link click,15.87,0.63,19-May-2022 07:04,All,i29925496,i37737600,Expired,1527259005051101184,29925496
"Introducing the SMU class of 2022!

Hear from recent graduates as they reflect on their time spent at SMU and share what they have planned next.","Here We Go, Mustangs! Editorial - 2022",Ad 1,1.03,509.62,Cost per link click,9.92,0.58,19-May-2022 07:01,All,i29925496,i37737600,Expired,1527258121529352198,29925496
"SMU researcher Chris Roos and photojournalist Stuart Palley '11 met at an SMU community event in Southern California in 2019, bonding through a shared passion to adopt coexistence strategies as wildfires get worse.",SoCal Awareness Campaign 1,Fires of Change,6.24,452.41,Cost per 1k impressions,6.24,2.04,12-May-2022 14:15,All,i29856000,i37648812,Expired,1524830565148438528,29856000
"Spears‚Äô investment will encourage business creation, leadership development and economic growth, strengthening areas that are critical to the future of the Dallas business economy.",Spears Gift Announcement - Wave 2,Ad 4,4.85,238.69,Cost per 1k impressions,4.85,1.67,27-Apr-2022 09:23,All,i29854400,i37647070,Expired,1519321310198779904,29854400
"‚ÄúThe William S. Spears Institute for Entrepreneurial Leadership promises to further the impact SMU makes on Dallas‚Äô future, strengthening our growth as a dynamic hub for entrepreneurial activity.‚Äù",Spears Gift Announcement - Wave 2,Ad 5,10.1,91.92,Cost per 1k impressions,10.1,2.97,28-Apr-2022 15:17,All,i29854400,i37646902,Expired,1519772787598139392,29854400
"While SMU alumnus Kelvin Beachum ‚Äô10, ‚Äô12 honed his football talent and academic acumen on the Hilltop, he never imagined a future filled with art.",Kelvin Beachum Gallery Editorial | May 2022,Ad 6,2.44,908.76,Cost per link click,11.86,0.96,05-May-2022 12:53,All,i29776478,i37552918,Expired,1522273399078367232,29776478
"Visit our virtual experience to explore the dynamic new classrooms, collaborative spaces and other featured areas in the Cox School of Business renovation and expansion project.",Cox Groundbreaking | May 2022,Ad 5,3.01,111.28,Cost per link click,3.98,0.75,05-May-2022 10:08,All,i29775168,i37551243,Expired,1522231687261736965,29775168
The soon-to-be expanded and renovated Cox School of Business facilities will lay the foundation for a new era in business education in North Texas. Students will graduate ready to contribute to businesses of all sizes ‚Äì in Dallas and beyond.,Cox Groundbreaking | May 2022,Ad 4,2.72,761.0,Cost per link click,9.29,0.96,05-May-2022 10:06,All,i29775168,i37551243,Expired,1522231298131062785,29775168
"Our community of donors has given more than $100 million to expand and renovate the Cox School of Business facilities, laying the foundation for a new era of business education in North Texas.",Cox Groundbreaking | May 2022,Ad 1,3.53,84.8,Cost per link click,5.74,0.9,05-May-2022 09:54,All,i29775168,i37551183,Expired,1522228331826925573,29775168
"Seun Suberu ‚Äô23 has earned more than $85,000 in funding through multiple SMU competitions to fund his business start-up - a phone app called CollegePlus.",CollegePlus Editorial - 2022,Ad 4,3.83,432.59,Cost per link click,7.44,1.0,25-Apr-2022 12:07,All,i29655789,i37385920,Expired,1518637887167868931,29655789
This program will break financial barriers to college entry and graduation ‚Äì first for academically talented Texas students.,Access SMU Wave 1 ,Ad 7,2.17,91.08,Cost per link click,3.15,0.51,25-Apr-2022 11:38,All,i29648494,i37376525,Expired,1518630524398358528,29648494
SMU is committed to opening financial pathways for student success on the Hilltop.,Access SMU Wave 1 ,Ad 8,2.68,908.92,Cost per link click,5.74,0.71,25-Apr-2022 11:39,All,i29648494,i37376525,Expired,1518630727503417346,29648494
"The new home for SMU soccer, track, field and cross-country teams was made possible by enthusiastic Mustang donors and fans, led by a $5M gift from Heather and Ray W. Washburne ‚Äô84.",Washburne Dedication - April - 2022,Ribbon Cutting | SMU followers | April 2022,2.06,500.0,Cost per link click,17.45,1.12,09-Apr-2022 02:36,All,i29456448,i37133023,Expired,1512695958898974725,29456448
"12 NCAA cross country, track and field titles
18 Top 25 finishes
1 new game-changing stadium",Washburne Dedication - April - 2022,Track ad | Collegiate Athletics | April 2022,2.76,162.91,Cost per link click,4.96,0.76,07-Apr-2022 16:01,All,i29456448,i37109794,Expired,1512173860782850060,29456448
"49 NCAA soccer appearances
40 Top 25 finishes
1 new game-changing stadium",Washburne Dedication - April - 2022,Soccer Ad | Collegiate Athletics | April 2022,2.32,37.09,Cost per link click,2.08,0.42,07-Apr-2022 16:00,All,i29456448,i37109794,Expired,1512173478937604103,29456448
"Moody Hall is the next step for us to transform graduate education on The Hilltop.

Moody Hall will house SMU‚Äôs eighth degree-granting school, the Moody School of Graduate and Advanced Studies.",Higher Ed Blitz_Wave 2,Ad 4,1.39,4.17,Cost per link click,2.73,0.35,29-Mar-2022 05:17,All,i29313134,i36905585,Expired,1508750102835384322,29313134
"Hannah Clark ‚Äô23 never dreamed NASA would be in her future.

Now she‚Äôs completing her second stint with the space agency.

Clark, an SMU Lyle School of Engineering mechanical engineering major, talks about her journey to finding the confidence to shoot for the stars.",Higher Ed Blitz_Wave 2,Ad 2,0.49,465.57,Cost per link click,12.82,0.37,28-Mar-2022 05:38,All,i29313134,i36905585,Expired,1508393050539708417,29313134
"Coding a solution to resolve intestate succession.

Madison Arcemont, a recent grad of SMU Dedman School of Law, developed a smart contract using blockchain technology to streamline the legal process.",Higher Ed Blitz_Wave 2,Ad 3,1.0,7.96,Cost per link click,2.39,0.27,28-Mar-2022 05:46,All,i29313134,i36905585,Expired,1508395056683696129,29313134
"SMU is collaborating with NVIDIA investing $11.5 million to dramatically boost the University‚Äôs high-performance computing system.

It‚Äôs a game-changer for artificial intelligence research, with real benefits for North Texas‚Äô growth as a technology hub.",Higher Ed Blitz_Wave 2,Ad 5,3.14,6.28,Cost per link click,3.4,0.9,28-Mar-2022 08:08,All,i29313134,i36905585,Expired,1508430844851068937,29313134
"Capturing images through fog, face identification around corners, and imaging through barriers like the human skull are just some of the potential applications for the technology.",Higher Ed Blitz_Wave 2,Ad 7,1.25,4.98,Cost per link click,2.46,0.22,28-Mar-2022 08:16,All,i29313134,i36905585,Expired,1508432873241653251,29313134
"Two researchers and professors from SMU are leading a team that is creating ""Lab on a Chip,"" a new antibody test that could detect immune responses to viruses in two to three minutes.",Higher Ed Blitz_Wave 2,Ad 10,4.53,9.06,Cost per link click,6.73,1.29,28-Mar-2022 08:31,All,i29313134,i36905585,Expired,1508436706659340294,29313134
"Renowned mathematics researcher Leanne Ketterlin Geller has been awarded the largest single-year research award in SMU history.

Nearly $8 million research award allows her team to adapt program originally developed for fourth-graders to be used all the way through eighth grade.",Higher Ed Blitz_Wave 2,Ad 12,1.97,1.97,Cost per link click,1.54,0.2,28-Mar-2022 08:42,All,i29313134,i36905585,Expired,1508439304716140553,29313134
Shape the future. Give now.,SMU Giving Day Wave 3,Ad 2 - SMU Giving Day Wave 3,4.4,70.48,Cost per link click,18.44,0.23,21-Mar-2022 16:54,All,i29230296,i36801771,Expired,1506026519830966277,29230296
SMU Giving Day is here! Join Mustangs from around the world and shape the future.,SMU Giving Day Wave 3,Ad 1 - SMU Giving Day Wave 3,5.9,29.52,Cost per link click,11.22,1.28,21-Mar-2022 16:49,All,i29230296,i36801771,Expired,1506025161144909835,29230296
"Austin‚Äôs leadership skills and proven ability to create change has earned the senior economics and public policy major a Truman Scholarship, the premier graduate fellowship for future public servants.",Higher Ed Blitz_Wave 1,Ad 1,0.6,0.6,Cost per link click,1.85,0.15,18-Mar-2022 06:10,All,i29193385,i36759508,Expired,1504777327003250713,29193385
"For this human rights and international studies major, her goal in life is to make the world a more just place. 

How will she see it become a reality? Learn how to think outside the box.",Higher Ed Blitz_Wave 1,Ad 2,1.76,1.76,Cost per link click,3.74,0.44,18-Mar-2022 06:13,All,i29193385,i36759508,Expired,1504778031579213825,29193385
Their research was personal: both SMU researchers lost grandparents to the disease.,Higher Ed Blitz_Wave 1,Ad 6,0.68,378.01,Cost per link click,8.64,0.51,18-Mar-2022 06:49,All,i29193385,i36759508,Expired,1504787100461416448,29193385
Three elite runners were invited to SMU to run on the world‚Äôs fastest treadmill to examine the differences between running fast and running far (but still pretty fast).,Higher Ed Blitz_Wave 1,Ad 7,0.4,1.2,Cost per link click,3.53,0.17,18-Mar-2022 06:55,All,i29193385,i36759508,Expired,1504788702056361987,29193385
"With this grant, Professor √úster will answer this question‚Äîhow can data be used to create models for evacuation planning and disaster preparedness?",Higher Ed Blitz_Wave 1,Ad 8,0.67,0.67,Cost per link click,2.04,0.67,18-Mar-2022 07:01,All,i29193385,i36759508,Expired,1504790074130640947,29193385
"How can we attack infected cancer cells without collateral damage to normal cells?

A team of researchers from SMU has found an answer by tapping into the fundamental basis of new anti-cancer treatments.",Higher Ed Blitz_Wave 1,Ad 9,0.71,0.71,Cost per link click,2.0,0.14,18-Mar-2022 07:12,All,i29193385,i36759508,Expired,1504792952056463362,29193385
"Ultimately, of the 600 landslides discovered, we have no way to know when they will become catastrophic.

The difference is we know where they are, and policymakers on the West Coast can plan ahead of the disasters.",Higher Ed Blitz_Wave 1,Ad 12,0.58,615.09,Cost per link click,8.19,0.39,18-Mar-2022 07:43,All,i29193385,i36759508,Expired,1504800697321238531,29193385
"Screening protocols to determine who qualifies for ‚Äúcompassionate dialysis‚Äù are driving an unintended consequence. 

The protocols are putting too much strain on the emergency room but understanding the problem can uncover the solution.",Higher Ed Blitz_Wave 1,Ad 13,0.91,1.82,Cost per link click,4.11,0.46,18-Mar-2022 07:45,All,i29193385,i36759508,Expired,1504801150645714949,29193385
"""What can we do in one day? Shape the future.

Save the date for SMU Giving Day on March 22.""",SMU Giving Day Wave 1,Ad 2-2 - SMU Giving Day Wave 1,3.57,178.53,Cost per link click,8.7,0.8,06-Mar-2022 13:23,All,i29026568,i36552162,Expired,1500552635644104707,29026568
"""For one day, let's show the world what Mustangs can do. 

Save the date for SMU Giving Day on March 22.""",SMU Giving Day Wave 1,Ad 2-1 - SMU Giving Day Wave 1,4.25,51.03,Cost per link click,9.03,0.96,06-Mar-2022 13:22,All,i29026568,i36552162,Expired,1500552420279078920,29026568
"""Inequities in infrastructure deserts are exacerbated by shocks, like a pandemic or severe weather.""",Content_Traffic_February_2022,Ad 8 February 2022 | Carousel,1.58,396.07,Cost per link click,6.89,0.16,24-Feb-2022 06:17,All,i28727769,i36162292,Expired,1496821671503618055,28727769
This partnership between SMU and DISD creates a long-term investment in the DFW community.,Content_Traffic_February_2022,Ad 4 February 2022 - 1,3.2,92.68,Cost per link click,5.81,0.71,14-Feb-2022 03:15,All,i28727769,i36162292,Expired,1493151909070487554,28727769
"‚ÄúMost of what you love about city life, you can have to a greater degree than you ever imagined in the Dallas area,‚Äù says Cullum Clark, economist at SMU.",Content_Traffic_February_2022,Ad 7 February 2022,5.06,116.49,Cost per link click,14.03,1.64,12-Feb-2022 04:25,All,i28727769,i36162292,Expired,1492444850305712129,28727769
"‚ÄúI am pleased to be joining [the fellows] with my colleague, Professor Zhong Lu, whose work typifies the world-changing, interdisciplinary research our SMU faculty strive to provide.‚Äù ‚Äì Dr. Elizabeth Loboa",Content_Traffic_February_2022,Ad 3 February 2022,7.96,103.54,Cost per link click,13.21,2.07,12-Feb-2022 04:29,All,i28727769,i36162292,Expired,1492445737921093633,28727769
"Using a crowdsourced video game, players help the team create new data sets out of captured retinal images, helping to lead to potential breakthroughs in detection and treatment.",Content_Traffic_February_2022,Ad 5 February 2022,3.15,63.01,Cost per link click,6.07,0.68,10-Feb-2022 15:38,All,i28727769,i36162292,Expired,1491889259480948737,28727769
"There she goes again.
Neha Husein '19 was selected as the first winner of the WEDallas inaugural pitch competition, a decision that completed a two-month cohort for women entrepreneurs.",Content_Traffic_February_2022,Ad 2 February 2022,2.26,627.25,Cost per link click,9.03,0.8,10-Feb-2022 15:29,All,i28727769,i36162292,Expired,1491887066405240849,28727769
"The technology uses automated software to precisely identify ocular diseases including age-related macular degeneration, a leading cause of visual impairment in the world.",Content_Traffic_February_2022,Ad 1 February 2022,4.97,99.38,Cost per link click,10.64,1.53,10-Feb-2022 15:26,All,i28727769,i36162292,Expired,1491886213304778762,28727769
"The Garry Weber End Zone Complex will anchor Ford Stadium‚Äôs south bowl and increase the functionality, efficiency and overall experience of Mustang football for student-athletes and fans.",Content_Traffic_January_2022,Ad 5,1.9,9.51,Cost per link click,16.25,0.12,26-Jan-2022 10:19,All,i28331623,i35700755,Expired,1486373141706334215,28331623
"Igniting the future of football on The Hilltop.

A $50 million commitment from Garry A. Weber ‚Äô58, is the largest gift in the history of SMU Athletics to create a 192,500-square-foot Garry Weber End Zone Complex at Gerald J. Ford Stadium.",Content_Traffic_January_2022,Ad 4,2.32,222.89,Cost per link click,22.61,0.69,26-Jan-2022 09:52,All,i28331623,i35700755,Expired,1486366552291221506,28331623
"From the beaches of Australia to the bayous of Louisiana, Isabelle finds her inspiration in the places where water meets land. 

Her next step will take her to to further her studies on climate and policymaking at both Oxford and Durham Universities in England.",Content_Traffic_January_2022,Ad 2,0.36,865.6,Cost per link click,8.78,0.26,06-Jan-2022 03:43,All,i28331623,i35387475,Expired,1479025915774517248,28331623
"""You are going to hear 'no' a lot on your journey, but you must persist to ‚Äúfind your yes.' ""

Meet Hannah Clark '23, a mechanical engineering student, on completing her second internship with NASA.",Content_Traffic_January_2022,Ad 1,0.36,135.77,Cost per link click,7.96,0.22,06-Jan-2022 03:41,All,i28331623,i35387475,Expired,1479025342157316096,28331623
"""We've taken another step in entering a new era of bold research.

Supported by a $100 million gift from the Moody Foundation, SMU breaks ground on the new Frances Anne Moody Hall, which will house the Moody School of Graduate and Advanced Studies.""",Content_Traffic_December_2021,Ad 5,3.65,233.72,Cost per link click,17.27,1.29,07-Dec-2021 03:51,All,i27976318,i34959821,Expired,1468156179113287686,27976318
"Coelacanths are giant, bottom-dwelling fish whose ancient lineage stretches back more than 360 million years.",Content_Traffic_December_2021,Ad 4,1.28,1430.67,Cost per link click,13.2,0.75,07-Dec-2021 03:47,All,i27976318,i34959574,Expired,1468155124338110465,27976318
"‚ÄúOur team at SMU is on the forefront of extending computational vibrational spectroscopy into periodic systems and solids, a field with a lot of potential, but still in its infancy.‚Äù-Elfi Kraka, chair of the Department of Chemistry at SMU.",Content_Traffic_December_2021,Ad 3,7.86,23.57,Cost per link click,6.61,0.81,07-Dec-2021 03:44,All,i27976318,i34959574,Expired,1468154492961148934,27976318
"It‚Äôs the fourth time Wang, a professor with the Department of Electrical and Computer Engineering in SMU‚Äôs Lyle School of Engineering, has won the award.",Content_Traffic_December_2021,Ad 2,1.95,7.79,Cost per link click,1.59,0.31,07-Dec-2021 03:42,All,i27976318,i34959574,Expired,1468153944136376321,27976318
"From expanding research to enabling students to attend SMU regardless of financial means, we're blazing a new path and igniting the future.",Higher Ed Stories | November 2021,DMN SMU Ignited Editorial,6.68,252.31,Cost per 1k impressions,6.68,2.97,17-Nov-2021 16:31,All,i27754916,i34680603,Expired,1461099815656308738,27754916
"North Texas dream team is partnering to launch a collaboration dedicated to leveraging the transformational power of sports to improve the health, activity levels and well-being of kids.

@smusimmons ü§ù @childrens ü§ù @AndrewsInst

https://t.co/ipb6lerChD",Higher Ed Stories | November 2021,summary_large_image,6.65,237.44,Cost per 1k impressions,6.65,3.17,08-Nov-2021 09:32,All,i27754916,i34680603,Expired,1457732682574557187,27754916
"SMU is collaborating with @NVIDIA, investing $11.5 million to dramatically boost the University‚Äôs high-performance computing system.

It‚Äôs a game-changer for artificial intelligence research, with real benefits for North Texas‚Äô growth as a technology hub. https://t.co/1YtYzVDoWf https://t.co/8OY7ABSgJj",Higher Ed Stories | November 2021,Untitled ad,6.67,261.61,Cost per 1k impressions,6.67,1.48,11-Nov-2021 09:01,All,i27754916,i34680603,Expired,1458812123874836480,27754916
"We're propelling North Texas into the AI era with an @nvidia DGX SuperPOD.

As the second university in America to get a DGX SuperPOD, it will advance our community ahead in AI capabilities to fuel degree programs and corporate partnerships.

https://t.co/jYuvQi40kC",Higher Ed Stories | November 2021,summary_large_image,6.65,248.6,Cost per 1k impressions,6.65,3.41,15-Nov-2021 17:09,All,i27754916,i34680603,Expired,1460384438366261252,27754916
"We used the ManeFrame to analyze the mammoth amount of data from satellite imagery to look beneath the Earth's surface. What did we find? 

Over 600 slow-moving landslides occurring near the U.S. West Coast.",Bridge Stories | Higher Ed Influencers | November 2021,Detecting the unseen paid,0.51,499.37,Cost per link click,21.01,0.48,02-Nov-2021 15:07,All,i27573655,i34447618,Expired,1455627692737392640,27573655
An immersive summer internship in economics and public policy allowed Nia Kamau '22 an opportunity to create sustainable social change.,Bridge Stories | Higher Ed Influencers | November 2021,Nia Kamau Paid,0.63,0.63,Cost per link click,2.01,0.21,02-Nov-2021 14:55,All,i27573655,i34447617,Expired,1455624522510389253,27573655
"As part of the @SMUCox renovation and expansion project, Katy A. and Kyle Miller ‚Äô01 have committed a $5 million gift to establish the Kyle and Katy Miller Courtyard to provide our community with an open, welcoming environment to exchange ideas and build business associations.",SMU Ignite Kickoff and Pillar Promo,PAID Miller Gift,5.82,9.81,Cost per 1k impressions,5.82,3.27,17-Oct-2021 12:42,All,i27078457,i33808087,Expired,1449793050721533956,27078457
"SMU Ignited: Boldly Shaping Tomorrow is a fundraising campaign to help empower outstanding students, enrich teaching and research, and enhance the campus and community.",SMU Ignite Kickoff and Pillar Promo,Texas Today Interview,5.9,9.86,Cost per 1k impressions,5.9,3.29,17-Oct-2021 12:46,All,i27078457,i33808087,Expired,1449793952287166466,27078457
".@SMUCox is igniting the future of business education!

The next generation of business leaders will be empowered to meet grand challenges with meaningful solutions through two bold initiatives that will propel us into our next era of innovation.",SMU Ignite Kickoff and Pillar Promo,ORGANIC release: Building & MBA Drive,5.85,9.84,Cost per 1k impressions,5.85,3.28,15-Oct-2021 13:45,All,i27078457,i33808087,Expired,1449084042058469380,27078457
"""Increased research capability means we can think about research with impact, providing more solutions to pressing problems in the world.""-  Provost Dr. Elizabeth G. Loboa.

Learn more about SMU's path toward landing one of the top research designations in the country.",SMU Ignite Kickoff and Pillar Promo,Road to R1 Explained,5.51,226.6,Cost per 1k impressions,5.51,1.94,01-Oct-2021 14:59,All,i27078457,i33808087,Paused,1444029251913535489,27078457
"A gift from Kim and Bill Shaddock ‚Äô74 will establish Shaddock Hall as part of the building renovation project of the @SMUCox School of Business.

The $6 million contribution will foster educational excellence through dedicated spaces for learning, research and collaboration.",SMU Ignite Kickoff and Pillar Promo,Shaddock Gift,5.47,206.76,Cost per 1k impressions,5.47,2.27,01-Oct-2021 11:34,All,i27078457,i33808087,Paused,1443977613341433862,27078457
"This is our moment to join the highest rank of universities.

With your support, we will expand graduate and doctoral fellowships to encourage students to excel and develop into experts who are leaders in their fields.",SMU Ignite Kickoff and Pillar Promo,Enrich Pillar Overview,5.49,27.56,Cost per 1k impressions,5.49,2.51,23-Sep-2021 16:53,All,i27078457,i33808088,Expired,1441158831799603209,27078457
"With your support, SMU will move significantly toward the top research designation for U.S. universities, enrich teaching, and enable students to benefit from enhanced classroom and laboratory experiences.",SMU Ignite Kickoff and Pillar Promo,Enrich Quote,5.61,32.28,Cost per 1k impressions,5.61,4.61,23-Sep-2021 16:54,All,i27078457,i33808088,Expired,1441159023005290501,27078457
"By continuing to strengthen our community engagement, nationally competitive athletics and diverse public programming, we will make a positive difference in Dallas and in communities far beyond the Hilltop.",SMU Ignite Kickoff and Pillar Promo,Enhance Pillar Overview,4.12,35.76,Cost per 1k impressions,4.12,2.24,23-Sep-2021 16:55,All,i27078457,i33808088,Paused,1441159388862025728,27078457
"SMU Ignited will enhance the quality of life and the global impact of Dallas by partnering with corporations, civic entities, and nonprofits, such as through the model Pre-K-8 STEM school in West Dallas.",SMU Ignite Kickoff and Pillar Promo,Enhance Quote,5.3,133.77,Cost per 1k impressions,5.3,1.83,23-Sep-2021 16:55,All,i27078457,i33808087,Paused,1441159276353949701,27078457
"SMU Ignited will enable us to bring top-ranked students to our campus.

With your support, we can help Mustangs thrive by offering more need-and merit-based scholarships, a wide range of internships, stipends, and international study support to provide real-world experiences.",SMU Ignite Kickoff and Pillar Promo,Empower Quote,6.45,158.93,Cost per 1k impressions,6.45,2.27,22-Sep-2021 09:54,All,i27078457,i33808087,Paused,1440691000867835914,27078457
"With your support, we will transform the lives of high-achieving students, enabling them to attend SMU regardless of financial means and apply what they gain on the Hilltop as they change the world.",SMU Ignite Kickoff and Pillar Promo,Empower Pillar Overview,6.37,27.48,Cost per 1k impressions,6.37,2.75,20-Sep-2021 12:33,All,i27078457,i33808087,Paused,1440006323345580037,27078457
"Now is the time to be bold. To propel SMU to the forefront of education and meet tomorrow‚Äôs challenges.

We are announcing a momentous $1.5 billion, multiyear campaign to empower outstanding students, enrich teaching and research, and enhance our campus and community.",SMU Ignite Kickoff and Pillar Promo,Paid Campaign Site Promo,6.16,38.11,Cost per 1k impressions,6.16,3.18,17-Sep-2021 12:50,All,i27078457,i33808087,Paused,1438923311719669761,27078457
"Today, we invite you to join us in lighting the spark that will energize the Hilltop, the city, and the world.

Today, the unlimited potential of SMU is ignited! https://t.co/oJEGT5ZtBY",SMU Ignite Kickoff and Pillar Promo,Untitled ad,2.84,5.3,Cost per 1k impressions,2.84,0.1,17-Sep-2021 12:30,All,i27078457,i33808089,Paused,1438918172556468226,27078457
"Packed into a tiny lab in the heart of our campus, Zhihao Wu is studying cells that could change the way the science community thinks of glioblastoma treatment.",Research Stories | Higher Ed Influencers | September 2021,DFW's Cancer Researchers,0.96,7.7,Cost per link click,3.74,0.33,02-Sep-2021 09:30,All,i26932597,i33621722,Expired,1433437268765593605,26932597
Research team in Dallas has found a way to make chemotherapy drugs more lethal to cancer cells without collateral damage to normal cells.,Research Stories | Higher Ed Influencers | September 2021,TIGAR Protein September,1.27,439.43,Cost per link click,10.87,0.39,02-Sep-2021 09:26,All,i26932597,i33621638,Paused,1433436183741169674,26932597
Understanding these icy worlds is a prime target of NASA‚Äôs longstanding goals ‚Äì to determine whether or not we are alone in the universe.,Research Stories | Higher Ed Influencers | September 2021,Frosty the Seismometer September,1.29,14.24,Cost per link click,4.56,0.32,02-Sep-2021 09:22,All,i26932597,i33621637,Expired,1433435063216050176,26932597
Miguel Marx used a CT scan to reveal parts of the skull that are otherwise difficult to see while it was still partially encased in Angolan rock.,Research Stories | Higher Ed Influencers | September 2021,Not Nessie,0.26,0.78,Cost per link click,0.77,0.1,02-Sep-2021 09:18,All,i26932597,i33621636,Expired,1433434064451604482,26932597
"Recreating the mineral make-up of Titan will reveal insights for researchers working on an upcoming mission to Titan, slated for 2027.",Research Stories | Higher Ed Influencers | September 2021,Titan in a Glass,0.56,37.85,Cost per link click,2.44,0.18,02-Sep-2021 09:04,All,i26932597,i33621635,Expired,1433430627768946692,26932597
Our team has found a way to make chemotherapy drugs more lethal to cancer cells without collateral damage to normal cells.,Higher Ed Stories | August 2021,CHEMO Card with UTMs,1.62,4.86,Cost per link click,4.79,0.35,24-Aug-2021 10:21,All,i26685112,i33512758,Expired,1430188634523717636,26685112
"Looking up to the sky, it's natural to wonder if we're alone in the universe. For @NASA, studying icy worlds like Jupiter‚Äôs moon Europa is a target to determine the answer. How will we do it? 

Frosty the Seismometer.",Higher Ed Stories | August 2021,Frosty with UTMs,1.87,56.1,Cost per link click,7.03,0.57,24-Aug-2021 10:19,All,i26685112,i33512408,Expired,1430188090581262339,26685112
Three elite runners were invited to run on the world‚Äôs fastest treadmill ‚Äî at our Locomotor Performance Laboratory directed by Dr. Peter Weyand‚Äî to examine the differences between running fast and running far (but still pretty fast).,Higher Ed Stories | August 2021,Weyand Research,1.53,122.07,Cost per link click,9.31,0.69,05-Aug-2021 09:24,All,i26685112,i33512408,Paused,1423288771206729732,26685112
"As wildfires and the devastation that follows worsens each year, can we find a way to coexist with them?

Today‚Äôs flammable landscapes have long human histories that have much to teach us.",Wildfire Editorial | July 2021,Wildfire link,0.0,0.01,Cost per link click,0.01,0.0,03-Aug-2021 15:15,All,i26493998,i33288922,Expired,1422652372828901378,26493998
"‚ÄúIt‚Äôs no longer a question of whether or not we want to live with fire...It‚Äôs what kind of fire do we want to live with?‚Äù

Chris Roos explores the past for a path to reducing wildfire risk in the present.",Wildfire Editorial | July 2021,Roos 2,0.38,1.14,Cost per link click,0.54,0.05,21-Jul-2021 10:40,All,i26493998,i33089002,Expired,1417871999913762818,26493998
"Fueled by @NSF, SMU Professor Chris Roos will return to the field, joined by Kacy Hollenback, his partner at home and on the project.

Together, they explore the past for a path to reducing wildfire risk in the present.",Wildfire Editorial | July 2021,Roos 3,1.3,10.4,Cost per link click,3.84,0.27,21-Jul-2021 10:49,All,i26493998,i33089002,Expired,1417874282756018176,26493998
"It's no secret wildfire season is beginning earlier and spreading farther. 

SMU Professor Chris Roos is charting a path forward while looking to the past for guidance.",Wildfire Editorial | July 2021,Stoking the fires of change 2,0.06,0.31,Cost per link click,0.13,0.01,15-Jul-2021 16:09,All,i26493998,i33089002,Expired,1415780543820619783,26493998
"A photojournalist and an archaeologist make sense of wildfires; one in the present and the other looking to the past.

Their perspectives unite on a shared perspective‚Äî the necessity of coexistence.",Wildfire Editorial | July 2021,Seeking coexistence in the midst of chaos,0.94,353.84,Cost per link click,7.37,0.06,15-Jul-2021 15:56,All,i26493998,i33088738,Expired,1415777382905139207,26493998
"""This partnership will also create invaluable opportunities for our SMU students...putting them in positions of visibility for careers that support Department of Defense initiatives""",Higher Ed Influencers | July 2021,SMU and Air Force Academy forge agreement,0.29,0.58,Cost per link click,1.05,0.1,15-Jul-2021 09:43,All,i26450555,i33012903,Expired,1415683448740540425,26450555
"In the blink of an eye, 1,500 structures can be set aflame. Instant, total devastation. 

Can anything be learned but avoidance?

With visuals from @stuartpalley and research from @croos_SMU, we're learning how to stoke the fires of change. 

https://t.co/htI1tOrbhv",Wildfire Editorial | July 2021,summary_large_image,0.91,1539.3,Cost per link click,9.78,0.42,13-Jul-2021 13:34,All,i26493998,i33065016,Expired,1415016808084475904,26493998
"There's a storm coming and evacuating communities is a necessity. Where will they go? How will they find resources on arrival?

Professor √úster's model will provide a map to those answers.",Higher Ed Influencers | July 2021,Catastrophes and Bread,0.0,0.01,Cost per link click,0.01,0.0,13-Jul-2021 11:35,All,i26450555,i33004227,Expired,1414986824787759104,26450555
"From geophysics to engineering, these four professors have been selected for an award distributed to outstanding scholars for research support.",Higher Ed Influencers | July 2021,Four professors named SMU 2021 Ford Research Fellows,0.0,0.01,Cost per link click,0.01,0.0,08-Jul-2021 16:02,All,i26450555,i33016024,Paused,1413242037994889217,26450555
"Catastrophes like Hurricane Harvey raise big questions: Why weren‚Äôt we prepared?

Professor √úster's project will explore ways to use data to help move millions safely out of harm's way‚Äîwith enough supplies available to meet their needs.",Higher Ed Influencers | July 2021,Evacuee 2,0.0,0.01,Cost per link click,0.03,0.01,08-Jul-2021 15:52,All,i26450555,i33004227,Paused,1413239588420689922,26450555
"A ball of 4,000-year-old hair frozen in time tangled around a whalebone comb led to the first ever reconstruction of an ancient human genome.",Higher Ed Influencers | July 2021,Metzler Genome Study,0.54,398.11,Cost per link click,9.33,0.3,07-Jul-2021 17:05,All,i26450555,i33004333,Expired,1412895665387016194,26450555
The finding could lead to new treatments for the disease that affects nearly 6 million Americans.,Higher Ed Influencers | July 2021,Alzheimer's Treatment,0.77,219.67,Cost per link click,8.82,0.43,07-Jul-2021 17:02,All,i26450555,i33004319,Expired,1412894923712471041,26450555
"‚ÄúThe more we know, the more power we have ‚Äì and researchers after us ‚Äì to address and target these devastating diseases.‚Äù",Higher Ed Influencers | July 2021,P-glycoprotein removes Alzheimer‚Äôs-associated toxin from the brain,0.11,1.59,Cost per link click,0.5,0.05,07-Jul-2021 16:58,All,i26450555,i33004319,Expired,1412893896862961668,26450555
"This research was personal.

Both lead researchers, James W. McCormick and Lauren Ammerman, lost a grandmother to the disease while at SMU.",Higher Ed Influencers | July 2021,Alzheimers Protein,0.0,0.01,Cost per link click,0.01,0.0,07-Jul-2021 17:01,All,i26450555,i33004319,Expired,1412894590403706884,26450555
"A drop is applied to a microfluidic chip. Then two to three minutes later, you can efficiently detect antibodies in the plasma.

Introducing Lab on a Chip

https://t.co/Sf3RUtqc62",Lab on a Chip | June 2021,summary_large_image,2.53,222.3,Cost per link click,6.91,0.6,09-Jun-2021 15:46,All,i26209105,i32882343,Expired,1402728816284418055,26209105
"Tap into the mighty potential of this small device.

Our researchers have changed the pace of detecting antibodies to save lives.",Lab on a Chip | June 2021,Lab Chip Graphic,2.37,45.01,Cost per link click,3.99,0.65,24-Jun-2021 15:20,All,i26209105,i32882343,Expired,1408158124544983041,26209105
Using a single drop of blood- Lab on a Chip can detect immune responses to antibodies in two to three minutes.,Lab on a Chip | June 2021,Lab on a Chip Video 2,2.15,560.15,Cost per link click,5.22,0.51,04-Jun-2021 15:04,All,i26209105,i32666994,Expired,1400906387228708869,26209105
"Investing in our community‚Äôs children ‚Äì the problem solvers of the future.

The next step of our partnership with 
@dallasschools and the @Toyota USA Foundation is the opening  of the West Dallas STEM School, planned for August 2021.",May Higher Ed Stories | May 2021,STEM School,3.94,55.12,Cost per link click,6.33,0.61,17-May-2021 16:30,All,i25967502,i32477438,Expired,1394405077851455488,25967502
The idea for ChemGen arose when a team of SMU researchers were trying to find compounds that can reverse chemotherapy failure.,May Higher Ed Stories | May 2021,ChemGen V3,6.0,198.12,Cost per link click,14.03,1.62,14-May-2021 09:25,All,i25967502,i32377796,Expired,1393210932923453443,25967502
"Our students can recover.

SMU education experts offer eight ways for leaders to support teachers and students recovering from the last year's ‚Äúlearning slump.‚Äù",May Higher Ed Stories | May 2021,Learning Slump,6.15,110.75,Cost per link click,12.95,1.19,14-May-2021 09:22,All,i25967502,i32377865,Expired,1393210161125339142,25967502
"‚ÄúWhen children are missing skills, it usually boils down to something very specific. If we can address what is going on, we can get them past it.‚Äù 

-Diane Gifford, an education professor within SMU Simmons School of Human Development",May Higher Ed Stories | May 2021,Kinder Test 3,6.27,137.91,Cost per link click,13.32,1.59,14-May-2021 09:17,All,i25967502,i32429294,Expired,1393208745518305287,25967502
"Michelle Davis invites the student to sit and settle in to her colorful, U-shaped table. Then she starts the timer.

‚ÄúJust tell me what you know.‚Äù",May Higher Ed Stories | May 2021,Kinder test 2 | May 2021,1.4,785.67,Cost per link click,10.47,0.7,12-May-2021 09:36,All,i25967502,i32429294,Expired,1392488888413802498,25967502
"The idea for ChemGen arose when researchers were trying to find compounds that can reverse chemotherapy failure. 

Using computational routines, ChemGen mimics chemical reactions in a lab, cutting time and labor-related expense required to find the drug for a desired outcome.",May Higher Ed Stories | May 2021,ChemGen Round 2,13.36,80.18,Cost per link click,12.72,1.48,10-May-2021 14:14,All,i25967502,i32377796,Expired,1391833936620261380,25967502
"15,000 years with our furry best friends.

Researchers have found the bond between man and dog can be traced back thousands of years ago to Siberia.",May Higher Ed Stories | May 2021,Dog Migration v2,0.61,4.25,Cost per link click,3.61,0.22,10-May-2021 11:33,All,i25967502,i32377707,Paused,1391793546659647488,25967502
"How can we support our kids in the classroom moving forward?

1. Start with the basics
2. Support our teachers",May Higher Ed Stories | May 2021,Learning Slump Research 2 | May 2021,4.7,197.47,Cost per link click,9.51,0.96,07-May-2021 12:48,All,i25967502,i32377865,Expired,1390725243992375296,25967502
"Renowned SMU human speed expert, Peter Weyand weighed in on the rulings for use of prostheses in the Tokyo Olympics.",May Higher Ed Stories | May 2021,SMU Paralympic Research | May 2021,1.54,2794.91,Cost per link click,11.51,0.76,06-May-2021 15:40,All,i25967502,i32377902,Expired,1390406037727940608,25967502
Our team of researchers estimate the ‚ÄúLab on a Chip‚Äù test could detect immune responses to the virus in two to three minutes.,May Higher Ed Stories | May 2021,Lab on a chip | May 2021,3.5,94.43,Cost per link click,7.28,0.74,06-May-2021 15:33,All,i25967502,i32377849,Expired,1390404251604557829,25967502
Our researchers have developed a set of computer-driven routines that can cut the time and expense frequently required to find the best possible drug for a desired outcome.,May Higher Ed Stories | May 2021,ChemGen May 2021,3.41,30.73,Cost per link click,4.15,0.5,06-May-2021 15:25,All,i25967502,i32377796,Expired,1390402317262876673,25967502
Scientists now have a better idea as to how the duck-billed dinosaurs known as hadrosaurs took over the planet.,May Higher Ed Stories | May 2021,Dino Story | May 2021,1.84,360.66,Cost per link click,9.41,0.63,06-May-2021 15:20,All,i25967502,i32377769,Expired,1390401193017446403,25967502
"It looks like dogs have been ""man's best friend"" for a while. 

An international team of researchers determined that the first people to cross into the Americas were accompanied by their dogs.",May Higher Ed Stories | May 2021,Dog Migration,0.71,79.81,Cost per link click,5.17,0.36,06-May-2021 15:14,All,i25967502,i32377707,Paused,1390399470727163908,25967502
An SMU research team used the U.S. Department of Transportation‚Äôs General Estimates System data to calculate a statistical model for traffic officials to improve road safety.,May Higher Ed Stories | May 2021,Driving Models | May 2021,2.11,42.22,Cost per link click,4.98,0.63,03-May-2021 11:21,All,i25967502,i32343008,Paused,1389253702742020110,25967502
"His book ""Maps for Time Travelers"" is lauded as ‚Äúa brilliant introduction to the frontiers of archaeology.‚Äù

Mark McCoy uses a fictional story about time travel to explain how technology enables archaeologists to reconstruct humanity‚Äôs past.",May Higher Ed Stories | May 2021,Mark McCoy,2.31,27.78,Cost per link click,5.8,0.51,03-May-2021 11:06,All,i25967502,i32343007,Paused,1389249998773129220,25967502
"Taking bold steps to reinvent a kinder internet.

Whitney Wolfe Herd leads Bumble on top of a strong foundation developed in her time on The Hilltop.",Whitney Wolfe Herd | April 2021,WWH Story 2,0.74,41.98,Cost per link click,3.48,0.24,19-Apr-2021 15:20,All,i25867059,i32204304,Expired,1384240602716381197,25867059
"10 years ago, Whitney Wolfe Herd '11 completed her SMU education. In May, she will return as the featured speaker at commencement.

How did she get there? Learn more about the bold moves that led to her becoming the youngest woman to take a company public.",Whitney Wolfe Herd | April 2021,WWH Story,0.79,2.38,Cost per link click,2.26,0.26,19-Apr-2021 15:15,All,i25867059,i32204258,Paused,1384239242151227406,25867059
"‚ÄúIt‚Äôs not that I‚Äôm some rare breed of human,‚Äù she says. 

‚ÄúEverybody has the ingredients to achieve what I‚Äôve achieved.‚Äù -Whitney Wolfe Herd '11",Whitney Wolfe Herd | April 2021,Bold Move,0.79,455.64,Cost per link click,6.19,0.07,15-Apr-2021 13:39,All,i25867059,i32204257,Expired,1382765652734140416,25867059
"‚ÄúIt took [an asteroid] smashing into Earth to reset these low-latitude ecosystems, putting them on a path to the rich, stratified tropical forests of today in the most productive terrestrial region of the world.‚Äù",April Higher Ed Stories | April 2021,Killer Asteroid,1.32,417.1,Cost per link click,4.27,0.37,09-Apr-2021 14:08,All,i25752850,i32120709,Expired,1380598625819107330,25752850
"Doran I.G. Bennett, a theoretical chemist at SMU, has received a grant to study how photosynthesis uses sunlight to support growth in changing environments.",April Higher Ed Stories | April 2021,SMU Chemist Grant,1.37,42.52,Cost per link click,1.81,0.23,09-Apr-2021 14:01,All,i25752850,i32120656,Expired,1380596763652939777,25752850
"Each year, the award is given to a researcher with an exemplary early career trajectory and who substantially contributes to the field of education finance and policy.",April Higher Ed Stories | April 2021,Dominique Baker Award,1.53,56.65,Cost per link click,2.32,0.3,09-Apr-2021 13:56,All,i25752850,i32120597,Expired,1380595449573343241,25752850
"Bryan S. Sheffield Hall will provide students with innovative learning environments, enabling Mustangs to develop critical skills that are vital to success in today‚Äôs evolving workplace.",Sheffield Hall | April 2021,Sheffield Annoucement,1.65,8.27,Cost per link click,1.37,0.31,09-Apr-2021 10:37,All,i25802069,i32118519,Expired,1380545466849505290,25802069
"A $15 million gift from Sharoll and Bryan S. Sheffield ‚Äô01 to @SMUCox will empower future entrepreneurs by establishing Bryan S. Sheffield Hall, creating innovative learning environments for students.",Sheffield Hall | April 2021,Sheffield Hall Quotes,2.36,722.89,Cost per link click,11.1,0.25,09-Apr-2021 10:34,All,i25802069,i32118518,Expired,1380544691561725956,25802069
".@SMUCox celebrated its 100 year anniversary last year, and already has an eye on what‚Äôs next.",Sheffield Hall | April 2021,DMN Release,2.65,68.84,Cost per link click,4.27,0.58,09-Apr-2021 10:27,All,i25802069,i32118517,Expired,1380542789818191879,25802069
"‚ÄúInduction into a National Academy representing your field of expertise is the pinnacle of achievement in one‚Äôs career.‚Äù 

-Marc P. Christensen, dean of the Lyle School of Engineering",April Higher Ed Stories | April 2021,Richard Duschl will join the National Academy of Education,1.36,74.84,Cost per link click,2.45,0.34,01-Apr-2021 17:05,All,i25752850,i32053636,Expired,1377744062334300175,25752850
"Within the ranks of national private universities, Simmons also made gains, moving from the top 25 schools to the top 15 schools.",April Higher Ed Stories | April 2021,Simmons Ranking,1.41,267.23,Cost per link click,3.51,0.44,01-Apr-2021 17:03,All,i25752850,i32053635,Paused,1377743371771506688,25752850
"As a research and data science powerhouse, we're helping Dallas extend its reach nationally and internationally.",April Higher Ed Stories | April 2021,SMU Research,1.49,141.65,Cost per link click,2.29,0.34,01-Apr-2021 17:01,All,i25752850,i32053634,Expired,1377742945777029122,25752850
Our stories offer a collective voice of hope as we look forward to a new year on campus.,March Editorial | March 2021,Our Stories 2,4.79,751.83,Cost per link click,6.91,1.07,19-Mar-2021 12:59,All,i25660796,i31926041,Expired,1372971006759817220,25660796
"Stories of survival.
Stories of adaptation.

3 Mustangs over two years during one pandemic. These are our stories.",March Editorial | March 2021,Our Stories 1,4.43,248.17,Cost per link click,7.4,1.13,11-Mar-2021 15:29,All,i25660796,i31926041,Expired,1370124668426850304,25660796
"Using data from the city of Dallas, the SAFE-NET platform supports the efficient and safe dispatch of personnel for emergency response.",Higher Ed Stories | March 2021,Critical Path,1.83,821.01,Cost per link click,4.71,0.53,12-Mar-2021 12:20,All,i25575980,i31830689,Expired,1370439693725270018,25575980
Multi-year partnership will utilize SMU's competency-aware machine learning and human machine teaming to revolutionize future battlespace and warfare strategies.,Higher Ed Stories | March 2021,Raytheon Partnership,1.57,178.99,Cost per link click,3.38,0.4,12-Mar-2021 12:17,All,i25575980,i31830688,Expired,1370438941422260227,25575980
Our research will change the world.,Templeton Gift | March 2021,Templeton PhD,1.49,345.64,Cost per link click,3.37,0.4,01-Mar-2021 21:08,All,i25471741,i31689349,Expired,1366586068468957185,25471741
"‚ÄúThis generous commitment underscores the vital nature of research and the importance of student support for the future of SMU and the Lyle School of Engineering,""

-SMU President R. Gerald Turner.",Templeton Gift | March 2021,Templeton Undergrads,1.1,7.69,Cost per link click,1.99,0.21,01-Mar-2021 21:05,All,i25471741,i31689348,Expired,1366585418934812674,25471741
We can now double the current offerings of the Lyle Engineering Scholar‚Äôs Program.,Templeton Gift | March 2021,Templeton,1.41,46.67,Cost per link click,3.14,0.38,26-Feb-2021 15:43,All,i25471741,i31689347,Expired,1365417270139367427,25471741
"‚ÄúAs artists, we are the front-runners in this journey called change.""

@smumeadows students embraced an opportunity to explore the intersection of arts and activism with the guidance of Regina Taylor '81.",Black Album | February Editorial | 2021,Black Album 2a,0.82,250.08,Cost per link click,3.84,0.09,23-Feb-2021 13:06,All,i25418342,i31614397,Expired,1364290627354066944,25418342
"‚ÄúSo often in life we only look through our own lens: This is how I feel, or this is what I‚Äôm going through. 

Opening my mind and heart to a wider spectrum of Black experiences, and listening has heightened my compassion for others.‚Äù",Black Album | February Editorial | 2021,Black Album 3,0.78,3.11,Cost per link click,0.98,0.06,22-Feb-2021 16:03,All,i25418342,i31614398,Expired,1363972714654883841,25418342
"When art is activism, what is the lingering impact of performances on our art and in our lives?",Black Album | February Editorial | 2021,Black Album Ad 1,1.01,246.81,Cost per link click,2.67,0.22,22-Feb-2021 15:54,All,i25418342,i31614396,Expired,1363970517464616961,25418342
"You have to know where to apply the heat. 

An interdisciplinary team shows that centuries-old techniques of wildfire management are still applicable to the present age.",Higher Ed Influencer Stories | February 2021,Native American Managed Wildfires,0.41,166.68,Cost per link click,3.74,0.22,04-Feb-2021 16:58,All,i25300182,i31457757,Expired,1357463463430402054,25300182
"Our virtualization expertise ü§ù their technical data.

ATT Center for Data Virtualization will lead research and development while NIWC Pacific will lead the application to Navy platforms, and Command & Control and Enterprise systems.",Higher Ed Influencer Stories | February 2021,NWIC and ATT Center,2.68,16.07,Cost per link click,8.34,0.64,04-Feb-2021 12:38,All,i25300182,i31457755,Expired,1357398098344087553,25300182
Our team of researchers from @lyleengineering estimate the ‚ÄúLab on a Chip‚Äù test could detect immune responses to the virus in two to three minutes.,Higher Ed Influencer Stories | January 2021,Lab on a Chip,0.9,838.0,Cost per link click,3.53,0.26,14-Jan-2021 13:44,All,i25150919,i31278783,Halted,1349804499695771648,25150919
"We're teaming up to mobilize North Texas.

The North Texas Center for Mobility Technologies is intended to strengthen the universities‚Äô capabilities in the transportation sector and to attract mobility technology companies to the region.",Higher Ed Influencer Stories | January 2021,North Texas Mobility,1.4,662.0,Cost per link click,2.63,0.25,12-Jan-2021 17:05,All,i25150919,i31259843,Expired,1349130508010139659,25150919
"Let‚Äôs be honest. Sharing a dorm room with anyone is awkward at first. 

So how do roommates get past that and begin to bond? 

It usually boils down to respect.",Common Connections | January 2021,What a Match,0.37,249.6,Cost per link click,3.38,0.19,11-Jan-2021 11:36,All,i25142387,i31247783,Expired,1348685324034199553,25142387
"‚ÄúIt‚Äôs the alchemy of sharing an intense time of life with another person that forges a friendship. That‚Äôs what happened with us. 

We weren‚Äôt instant best buddies. We grew together as people.‚Äù -Jaime Noble Gassmann '02.",Common Connections | January 2021,Luck of the Draw,0.38,653.67,Cost per link click,4.03,0.22,11-Jan-2021 11:30,All,i25142387,i31247782,Expired,1348683745914736640,25142387
"Sharing ups and downs, finding hidden strengths ‚Äì your campus family makes you feel at home.",Common Connections | January 2021,Building Community,0.42,95.4,Cost per link click,2.14,0.05,11-Jan-2021 11:23,All,i25142387,i31247781,Expired,1348682068126035971,25142387
"For their first two years at SMU, our students live on campus in 11 Residential Commons.

Here, roommates may evolve into future business allies. New opportunities can unlock hidden potential, and even baking cookies together can forge lasting bonds as friends become family.",Common Connections | January 2021,Common Connections Launch,0.44,1.33,Cost per link click,1.12,0.12,11-Jan-2021 11:12,All,i25142387,i31247780,Expired,1348679087129321472,25142387
"Igniting.
Inspiring.
World-changing.

Our new home for digital explorers, Gerald J. Ford Hall for Research and Innovation.",Ford Hall Dedication Video,Ford Hall Video,0.01,800.0,Cost per video view,2.65,0.61,04-Dec-2020 16:58,All,i25024684,i31082807,Expired,1334995572797833216,25024684
"50,000 square feet of innovation in Dallas.

Gerald J. Ford Hall will power new enterprises in the digital world of today and tomorrow.",Ford Hall Dedication,Gerald Fall Release,1.12,1627.98,Cost per link click,5.32,0.11,07-Dec-2020 12:07,All,i24921904,i30939645,Expired,1336009352721948674,24921904
"Igniting the future of education and research on The Hilltop.

Today, we welcome the future of digital exploration with the dedication of the Gerald J. Ford Hall for Research and Innovation.",Ford Hall Dedication,Gerald J Ford Hall,1.32,39.73,Cost per link click,1.6,0.21,04-Dec-2020 10:15,All,i24921904,i30939645,Paused,1334894187775406080,24921904
"This fall‚Äôs combined student body of 12,385 is the largest in SMU history. 

Coming from 46 different states and 24 foreign countries ‚Äì the Class of 2024 ‚Äì reflects SMU‚Äôs growing academic stature and national reputation.",SMU News | November 2020,SMU enrollment,2.94,999.09,Cost per link click,7.02,0.61,25-Nov-2020 12:37,All,i24849958,i30836944,Expired,1331668384258244608,24849958
"More than 20 years of Arctic exploration yields rich rewards.

A discovery of the first juvenile dromaeosaurid lower jaw bone on the North Slope of Alaska supports a growing theory of dinosaur migration.",Higher Ed Paleontology Influencers | October 2020,Dino Migration,0.37,496.18,Cost per link click,5.55,0.23,26-Oct-2020 17:01,All,i24627560,i30528246,Expired,1320848082011967489,24627560
"How did an 8,000-pound hadrosaur's skeleton support one of the largest dinosaurs to ever exist? 

New research into the dinosaur's bone structure offers an answer.",Higher Ed Paleontology Influencers | October 2020,Dino Weight,0.29,3.82,Cost per link click,1.96,0.18,26-Oct-2020 16:58,All,i24627560,i30528245,Expired,1320847214898376704,24627560
"This $18 million award is the largest to be given to SMU for research.

With this award, seismologist Brian Stump and his team will use their observations and research to better understand when nuclear tests, large earthquakes, and other major events happen.",Higher Ed Influencers | October 2020,DOD Gift,0.01,0.01,Cost per link click,0.03,0.0,26-Oct-2020 16:32,All,i24627340,i30528045,Expired,1320840748976070656,24627340
"What is the key to happiness? 

Research from @SMUDedman has an answer that might surprise you.",Higher Ed Influencers | October 2020,Happiness Research,0.39,51.39,Cost per link click,4.71,0.22,25-Sep-2020 15:14,All,i24627340,i30528030,Expired,1309587123759190016,24627340
"Maybe the proofreading mistake was the least of your worries. 

New research shows a surprising negative side effect to the tattooing process: your ability to sweat.",Higher Ed Influencers | October 2020,Tattoos and Overheating,0.19,0.19,Cost per link click,0.87,0.04,26-Oct-2020 16:25,All,i24627340,i30528006,Expired,1320838959623094272,24627340
"When people can work wherever they want, where do they choose to live? 

And perhaps more importantly, where do they choose to leave?",Higher Ed Influencers | October 2020,Work from Home,0.39,748.41,Cost per link click,7.69,0.27,26-Oct-2020 16:13,All,i24627340,i30527923,Expired,1320835845805412354,24627340
"Finding power in being an outsider.

@AnaiRodriguezz used to try and blend in, then she discovered the value in standing out.

Now, she spends her days teaching others how to own their differences and is transforming corporate America in the process.

https://t.co/jMisLY56xH",Prepared to Lead | September 2020,summary_large_image,2.05,2000.0,Cost per link click,4.0,0.32,21-Sep-2020 15:05,All,i24378706,i30186390,Expired,1308135329224781825,24378706
"It's true; the Dallas-Fort Worth area was quieter during the shelter-in-place.

Comprised of graduate and undergraduate researchers, Arrowsmith's team discovered a 30 percent drop in urban noise.",Higher Ed Influencers | August 2020,Tracking Silence,0.23,0.45,Cost per link click,0.42,0.04,26-Aug-2020 10:14,All,i24190963,i29932837,Expired,1298639997881311233,24190963
"‚ÄúThe best mentors genuinely want you to succeed.‚Äù

Myria Perez '18 found a mentor at SMU who gave her the support needed. 

Now, she seeks to do the same for future scientists coming behind her.",Higher Ed Influencers | August 2020,Myria Perez,0.14,0.68,Cost per link click,0.35,0.02,23-Jul-2020 09:35,All,i24190963,i29932445,Expired,1286308884081045506,24190963
"‚ÄúThe arts can help us [scientists] be more creative, to figure out solutions that we hadn‚Äôt thought about.‚Äù 
- @EricGBing

How an unlikely duo is guiding the reopening of two local cultural institutions.",Higher Ed Influencers | August 2020,SMU Dancer and Global Health,0.27,498.87,Cost per link click,4.22,0.15,31-Jul-2020 10:14,All,i24190963,i29932296,Expired,1289217888813846530,24190963
"""Our collective richness in data science and advanced computing resources will enable us to address great opportunities.""

SMU and NCSA partnership leads to growth in advanced data science for North Texas.",Higher Ed Influencers | July 2020,SMU and NCSA Ad Variant 3,2.21,28.72,Cost per link click,4.15,0.31,23-Jul-2020 13:19,All,i23944776,i29580206,Expired,1286365371746775040,23944776
"Two organizations that leverage the power of supercomputing are teaming up.

SMU and NCSA announce strategic partnership to promote advanced data science.",Higher Ed Influencers | July 2020,SMU and NCSA Ad Variant 2,1.11,12.24,Cost per link click,2.99,0.22,23-Jul-2020 13:15,All,i23944776,i29580206,Paused,1286364256301015040,23944776
"What if you could beat a cyberattack before it happens?

Engineers from the Lyle School of Engineering have the answer.",Higher Ed Influencers | July 2020,Lyle Ad Variant 3,1.3,177.99,Cost per link click,3.62,0.33,23-Jul-2020 13:04,All,i23944776,i29580207,Expired,1286361484033810432,23944776
"Preventing cybersecurity attacks can be a race against time.

New software developed in the Lyle School of Engineering detects ransomware attacks before extensive damage occurs to the files.",Higher Ed Influencers | July 2020,Lyle Ad Variant 2,0.82,4.94,Cost per link click,1.39,0.11,23-Jul-2020 12:53,All,i23944776,i29580207,Paused,1286358715117916160,23944776
"10 students, 1 mission.

Discover new opportunities for growth for at-risk communities in a post-pandemic world.",Higher Ed Influencers | July 2020,Maguire Ad Variant 2,1.1,14.3,Cost per link click,1.93,0.16,23-Jul-2020 12:24,All,i23944776,i29580208,Expired,1286351600777224193,23944776
"Protect your tech.

Innovative software developed by SMU students can use a computer's own system to detect ransomware attacks.",Higher Ed Influencers | July 2020,Ransomware Protection Software,0.84,3.35,Cost per link click,0.76,0.09,17-Jul-2020 13:41,All,i23944776,i29580208,Paused,1284196419268513792,23944776
"Serving our region, strengthening our impact, and answering Texas-sized research questions. üíªüìà",Higher Ed Influencers | July 2020,SMU + NCSA Partnership,1.02,685.63,Cost per link click,2.76,0.25,17-Jul-2020 13:26,All,i23944776,i29580206,Expired,1284192644562694149,23944776
"There's no such thing as 'no solution'.

With a grant from the @NSF, @lyleengineering researchers are helping transform an off-campus warehouse into an innovative lab, creating a controlled environment to conduct drone research in the heart of Dallas.",On The Fly | Drone Research Editorial Story,Drone Video Trailer 1,0.92,500.92,Cost per link click,11.01,0.34,20-Feb-2020 22:48,All,i22950059,i28238376,Expired,1230715997746647041,22950059
"Build it and they will fly.

With a grant from the @NSF, @lyleengineering researchers are helping transform an off-campus warehouse into an innovative lab, creating a controlled environment where they‚Äôll be able to conduct drone research in the heart of Dallas. https://t.co/ExWokTI0La",Drone Research Video,Untitled ad,0.01,2000.0,Cost per video view,4.91,0.97,20-Feb-2020 16:52,All,i22988530,i28291654,Expired,1230626430540599298,22988530
"üêùüêù  üêùüêù
üêùüêù  üêùüêù

Now that there‚Äôs buzzing in your head, imagine it's from a swarm of drones performing search and rescue missions.

But there's a communication problem that needs to be solved first, and @lyleengineering researchers are on it.
https://t.co/qhO680vSzB",On The Fly | Drone Research Editorial Story,summary_large_image,0.8,441.63,Cost per link click,8.3,0.45,19-Feb-2020 11:19,All,i22950059,i28238376,Paused,1230180169521889280,22950059
"Imagine the lifesaving potential of groups of drones performing search and rescue missions.

But there's a communication problem that needs to be solved first, and SMU engineers are on it. 
üì∞:https://t.co/CTw9xAzgt2 https://t.co/7s798DUe2R",On The Fly | Drone Research Editorial Story,Untitled ad,5.53,591.28,Cost per link click,3.96,0.21,15-Feb-2020 08:23,All,i22950059,i28238376,Paused,1228686197087768582,22950059
"üêùüêù      üêùüêù
üêùüêù      üêùüêù

üêùüêù       üêùüêù
üêùüêù       üêùüêù

Now that you're hearing a buzzing sound, imagine it's from a swarm of drones instead.

You're now ready to learn how @lyleengineering researchers are working to produce robust wireless links. https://t.co/qhO680vSzB",On The Fly | Drone Research Editorial Story,summary_large_image,0.65,966.17,Cost per link click,7.53,0.32,12-Feb-2020 11:06,All,i22950059,i28238376,Paused,1227640082598776832,22950059
"Change doesn't happen if we don't walk the walk.

That's why student body president Darian Taylor is leading the charge.
https://t.co/K5P52s06GR",Darian Taylor | Dallas Community,summary_large_image,0.43,300.0,Cost per link click,5.47,0.2,25-Jan-2020 13:18,All,i22811034,i28039513,Expired,1221150428127211520,22811034
"‚ÄúI knew I wanted to go to college, I just didn't know how.‚Äù

Kaitlyn Contreras set her sights on an SMU scholarship - and found a home away from home.",Kaitlyn Contreras,Kaitlyn Contreras 1,0.08,472.79,Cost per link click,12.24,0.08,12-Dec-2019 13:01,All,i22548490,i27651362,Exhausted,1205201115916075008,22548490
"‚ÄúIf you start to doubt yourself, find reinforcements.‚Äù

Every first-generation college student struggles with fear. Kaitlyn Contreras has found mentors and peers who remind her she‚Äôs up to any challenge.",Kaitlyn Contreras,Kaitlyn Contreras 2,0.09,333.56,Cost per link click,12.12,0.09,12-Dec-2019 13:02,All,i22548490,i27651362,Exhausted,1205201303586033664,22548490
"‚ÄúI‚Äôve learned it‚Äôs OK to be afraid and to use that as a motivation.‚Äù

Kaitlyn Contreras looks to her family - at home and at SMU - for the inspiration to succeed as a #firstgen college student.",Kaitlyn Contreras,Kaitlyn Contreras 3,0.1,343.65,Cost per link click,13.01,0.1,12-Dec-2019 13:03,All,i22548490,i27651362,Exhausted,1205201428223934469,22548490
".@SMUMeadows alumnus Nicol√°s Gonz√°lez ‚Äô16's paintings are highly symbolic, incorporating many images and motifs that represent influences in his life and choices he has made. #Meadows50",Meadows 50 - Four Stories,Nicol√°s Gonz√°lez,0.21,55.92,Cost per engagement,22.67,0.21,22-Nov-2019 15:59,All,i22404735,i27427952,Expired,1197998147508699136,22404735
Music therapist Elise Hawkes '19 is using her @SMUMeadows education - and her passion for human rights - to help refugees overcome the mental anguish that makes it harder to build new lives.  #Meadows50,Meadows 50 - Four Stories,Elise Hawkes,0.22,545.44,Cost per engagement,20.97,0.22,22-Nov-2019 16:00,All,i22404735,i27427952,Expired,1197998343441403904,22404735
An artist worth framing: @Krewe_Eyewear founder and @SMUMeadows grad Stirling Barrett '11 makes a statement with style deeply rooted in his New Orleans upbringing. #Meadows50,Meadows 50 - Four Stories,Stirling Barrett,0.2,13.32,Cost per engagement,17.72,0.2,22-Nov-2019 16:03,All,i22404735,i27427952,Expired,1197999046289285120,22404735
"Two legends walk into Owen Arts Center....

Listen in as @SMUMeadows alumnae @MsKathyBates and @TheReginaTaylor talk about art, life, and their years on the Hilltop. #Meadows50",Meadows 50 - Four Stories,Kathy Bates and Regina Taylor,0.2,385.07,Cost per engagement,25.02,0.2,22-Nov-2019 16:05,All,i22404735,i27427952,Expired,1197999676898697216,22404735
"A $100 million gift from the Moody Foundation will create SMU‚Äôs eighth named degree-granting school.

üìñ‚û°Ô∏è https://t.co/WMtZefcM5j https://t.co/3K3LDJt8zL",Moody Foundation announcement,Untitled ad,0.07,426.72,Cost per link click,10.9,0.07,13-Nov-2019 17:37,All,i22333535,i27322447,Expired,1194761256466448385,22333535
"Big ideas require bold vision.

Learn how the Moody School of Graduate and Advanced Studies will help transform SMU and Dallas.

üì∞‚û°Ô∏è https://t.co/KMKaKJDWbE https://t.co/SKBYQ6AMpQ",Moody Foundation announcement,Untitled ad,0.07,571.29,Cost per link click,9.59,0.07,12-Nov-2019 18:22,All,i22333535,i27322447,Expired,1194410043984105473,22333535
